n,k,theta,tempo_esecuzione, result
512,512,0.600000,0.061071,1,1
1024,1024,0.600000,0.471172,1,1
1536,1536,0.600000,1.606935,0,0
