n,k,theta,tempo_esecuzione, result
512,512,0.700000,0.245775,0
512,512,0.700000,0.164718,0
1024,1024,0.700000,0.194879,0
1024,1024,0.700000,0.233224,0
1536,1536,0.700000,0.330862,0
1536,1536,0.700000,0.307919,0
2048,2048,0.700000,0.575329,1
2048,2048,0.700000,0.471820,1
2560,2560,0.700000,0.523053,0
2560,2560,0.700000,0.632250,0
