n,k,theta,tempo_esecuzione, result
512,512,0.700000,0.205333,0
512,512,0.700000,0.093284,0
1024,1024,0.700000,0.138945,1
1024,1024,0.700000,0.167127,1
1536,1536,0.700000,0.227423,0
1536,1536,0.700000,0.224242,0
2048,2048,0.700000,0.343591,1
2048,2048,0.700000,0.389123,1
2560,2560,0.700000,0.419177,1
2560,2560,0.700000,0.478294,1
