n,k,theta,tempo_esecuzione, result
100,100,0.200000,0.000855,0
200,200,0.200000,0.007688,1
300,300,0.200000,0.025634,1
400,400,0.200000,0.059327,0
500,500,0.200000,0.117351,1
